lat,lon,elev_m
33.124000,-117.316000,45.636344910
33.124000,-117.315357,49.398162842
33.124000,-117.314714,49.282974243
33.124000,-117.314071,47.917549133
33.124000,-117.313429,41.177539825
33.124000,-117.312786,38.501804352
33.124000,-117.312143,38.498733521
33.124000,-117.311500,37.956459045
33.124000,-117.310857,37.375743866
33.124000,-117.310214,37.103916168
33.124000,-117.309571,35.858867645
33.124000,-117.308929,35.780452728
33.124000,-117.308286,34.557338715
33.124000,-117.307643,34.629638672
33.124000,-117.307000,34.038024902
33.124500,-117.316000,49.315998077
33.124500,-117.315357,49.375156403
33.124500,-117.314714,48.224090576
33.124500,-117.314071,47.745452881
33.124500,-117.313429,43.496433258
33.124500,-117.312786,41.561378479
33.124500,-117.312143,41.231063843
33.124500,-117.311500,40.420959473
33.124500,-117.310857,39.662399292
33.124500,-117.310214,38.477638245
33.124500,-117.309571,37.880882263
33.124500,-117.308929,37.417079926
33.124500,-117.308286,37.013618469
33.124500,-117.307643,36.636562347
33.124500,-117.307000,35.742279053
33.125000,-117.316000,49.303665161
33.125000,-117.315357,48.835350037
33.125000,-117.314714,46.816688538
33.125000,-117.314071,45.267478943
33.125000,-117.313429,44.412693024
33.125000,-117.312786,44.948837280
33.125000,-117.312143,42.695037842
33.125000,-117.311500,42.212638855
33.125000,-117.310857,41.716117859
33.125000,-117.310214,41.307460785
33.125000,-117.309571,39.924110413
33.125000,-117.308929,38.856376648
33.125000,-117.308286,38.306255341
33.125000,-117.307643,38.391994476
33.125000,-117.307000,37.634456635
33.125500,-117.316000,49.269062042
33.125500,-117.315357,48.155952454
33.125500,-117.314714,48.480236053
33.125500,-117.314071,46.078819275
33.125500,-117.313429,46.716743469
33.125500,-117.312786,46.418056488
33.125500,-117.312143,45.785587311
33.125500,-117.311500,45.238517761
33.125500,-117.310857,45.398014069
33.125500,-117.310214,42.849975586
33.125500,-117.309571,42.429615021
33.125500,-117.308929,41.891502380
33.125500,-117.308286,41.892360687
33.125500,-117.307643,40.674144745
33.125500,-117.307000,39.059577942
33.126000,-117.316000,49.081039429
33.126000,-117.315357,48.640975952
33.126000,-117.314714,48.775650024
33.126000,-117.314071,46.547729492
33.126000,-117.313429,46.512149811
33.126000,-117.312786,47.497390747
33.126000,-117.312143,46.921165466
33.126000,-117.311500,46.909046173
33.126000,-117.310857,46.342506409
33.126000,-117.310214,46.001079559
33.126000,-117.309571,46.031074524
33.126000,-117.308929,44.824260712
33.126000,-117.308286,43.206974030
33.126000,-117.307643,43.009197235
33.126000,-117.307000,42.148597717
33.126500,-117.316000,50.069190979
33.126500,-117.315357,49.248207092
33.126500,-117.314714,49.954368591
33.126500,-117.314071,46.492820740
33.126500,-117.313429,46.858547211
33.126500,-117.312786,46.946632385
33.126500,-117.312143,46.578037262
33.126500,-117.311500,46.895229340
33.126500,-117.310857,47.288085938
33.126500,-117.310214,47.776531219
33.126500,-117.309571,47.481422424
33.126500,-117.308929,47.081138611
33.126500,-117.308286,46.881675720
33.126500,-117.307643,46.021244049
33.126500,-117.307000,47.060745239
33.127000,-117.316000,50.666347504
33.127000,-117.315357,51.203216553
33.127000,-117.314714,48.366584778
33.127000,-117.314071,48.145214081
33.127000,-117.313429,46.386360168
33.127000,-117.312786,49.652210236
33.127000,-117.312143,46.176280975
33.127000,-117.311500,46.236885071
33.127000,-117.310857,49.162971497
33.127000,-117.310214,47.914871216
33.127000,-117.309571,52.125019073
33.127000,-117.308929,47.562168121
33.127000,-117.308286,48.319049835
33.127000,-117.307643,47.701732635
33.127000,-117.307000,51.041286469
33.127500,-117.316000,52.145938873
33.127500,-117.315357,51.915359497
33.127500,-117.314714,47.746383667
33.127500,-117.314071,49.933361053
33.127500,-117.313429,49.732761383
33.127500,-117.312786,49.952838898
33.127500,-117.312143,52.159114838
33.127500,-117.311500,47.242782593
33.127500,-117.310857,49.151046753
33.127500,-117.310214,48.921066284
33.127500,-117.309571,50.673084259
33.127500,-117.308929,49.661724091
33.127500,-117.308286,48.819831848
33.127500,-117.307643,48.303470612
33.127500,-117.307000,54.779544830
33.128000,-117.316000,51.635135651
33.128000,-117.315357,52.301013947
33.128000,-117.314714,50.531295776
33.128000,-117.314071,51.155010223
33.128000,-117.313429,50.950382233
33.128000,-117.312786,49.388320923
33.128000,-117.312143,46.524940491
33.128000,-117.311500,46.166797638
33.128000,-117.310857,48.303588867
33.128000,-117.310214,52.582717896
33.128000,-117.309571,52.226070404
33.128000,-117.308929,55.291439056
33.128000,-117.308286,60.627059937
33.128000,-117.307643,60.595920563
33.128000,-117.307000,59.811325073
33.128500,-117.316000,52.807205200
33.128500,-117.315357,52.578960419
33.128500,-117.314714,50.375820160
33.128500,-117.314071,51.027542114
33.128500,-117.313429,51.091289520
33.128500,-117.312786,48.560852051
33.128500,-117.312143,50.831302643
33.128500,-117.311500,50.815917969
33.128500,-117.310857,53.747989655
33.128500,-117.310214,55.567726135
33.128500,-117.309571,56.929718018
33.128500,-117.308929,62.665172577
33.128500,-117.308286,66.144477844
33.128500,-117.307643,68.928627014
33.128500,-117.307000,65.350379944
33.129000,-117.316000,53.939117432
33.129000,-117.315357,53.883579254
33.129000,-117.314714,49.477870941
33.129000,-117.314071,50.885452271
33.129000,-117.313429,50.680641174
33.129000,-117.312786,50.814006805
33.129000,-117.312143,49.922790527
33.129000,-117.311500,54.423152924
33.129000,-117.310857,55.863399506
33.129000,-117.310214,56.400039673
33.129000,-117.309571,59.495590210
33.129000,-117.308929,68.523773193
33.129000,-117.308286,71.283279419
33.129000,-117.307643,72.169914246
33.129000,-117.307000,68.749565125
33.129500,-117.316000,54.365146637
33.129500,-117.315357,55.334171295
33.129500,-117.314714,50.191989899
33.129500,-117.314071,51.052227020
33.129500,-117.313429,50.154308319
33.129500,-117.312786,51.495868683
33.129500,-117.312143,51.329914093
33.129500,-117.311500,56.342060089
33.129500,-117.310857,55.893810272
33.129500,-117.310214,56.915313721
33.129500,-117.309571,67.941513062
33.129500,-117.308929,71.992782593
33.129500,-117.308286,77.645652771
33.129500,-117.307643,76.198692322
33.129500,-117.307000,72.114746094
33.130000,-117.316000,54.153095245
33.130000,-117.315357,54.175220490
33.130000,-117.314714,52.306060791
33.130000,-117.314071,51.142536163
33.130000,-117.313429,52.232376099
33.130000,-117.312786,54.623973846
33.130000,-117.312143,54.672191620
33.130000,-117.311500,56.333797455
33.130000,-117.310857,58.819259644
33.130000,-117.310214,67.739219666
33.130000,-117.309571,71.023200989
33.130000,-117.308929,71.968795776
33.130000,-117.308286,80.226730347
33.130000,-117.307643,79.019989014
33.130000,-117.307000,73.574203491
33.130500,-117.316000,53.896072388
33.130500,-117.315357,54.412429810
33.130500,-117.314714,49.741809845
33.130500,-117.314071,50.522640228
33.130500,-117.313429,51.628807068
33.130500,-117.312786,54.608276367
33.130500,-117.312143,57.598011017
33.130500,-117.311500,61.396564484
33.130500,-117.310857,64.786857605
33.130500,-117.310214,68.003532410
33.130500,-117.309571,71.714935303
33.130500,-117.308929,72.110542297
33.130500,-117.308286,71.311347961
33.130500,-117.307643,64.359962463
33.130500,-117.307000,68.168594360
33.131000,-117.316000,53.421585083
33.131000,-117.315357,52.903205872
33.131000,-117.314714,52.941669464
33.131000,-117.314071,56.390075684
33.131000,-117.313429,55.775230408
33.131000,-117.312786,58.480323792
33.131000,-117.312143,58.573345184
33.131000,-117.311500,58.595794678
33.131000,-117.310857,64.842811584
33.131000,-117.310214,67.698127747
33.131000,-117.309571,71.500480652
33.131000,-117.308929,71.935668945
33.131000,-117.308286,68.543190002
33.131000,-117.307643,56.611038208
33.131000,-117.307000,58.057884216
